date,stationName,cityName,ownerName,total_COUNT,onlyWomenSongs_COUNT,onlyWomenSongs_PERCENT,b2bWomenSongs_COUNT,b2bWomenSongs_PERCENT,onlyCombinedGenderSongs_COUNT,onlyCombinedGenderSongs_PERCENT,b2bCombinedGenderSongs_COUNT,b2bCombinedGenderSongs_PERCENT
1/7/22,KASE-FM,Austin,iHeartMedia,321,51,15.887850467289718,5,1.557632398753894,77,23.98753894080997,7,2.1806853582554515
1/24/22,KASE-FM,Austin,iHeartMedia,299,30,10.033444816053512,2,0.6688963210702341,62,20.735785953177256,4,1.3377926421404682
1/28/22,KASE-FM,Austin,iHeartMedia,310,36,11.612903225806452,2,0.6451612903225806,68,21.935483870967744,10,3.225806451612903
2/7/22,KASE-FM,Austin,iHeartMedia,301,26,8.637873754152823,3,0.9966777408637874,58,19.269102990033225,8,2.6578073089700998
2/25/22,KASE-FM,Austin,iHeartMedia,316,28,8.860759493670885,3,0.949367088607595,60,18.9873417721519,6,1.89873417721519
3/18/22,KASE-FM,Austin,iHeartMedia,303,50,16.5016501650165,6,1.9801980198019802,84,27.722772277227726,12,3.9603960396039604
3/25/22,KASE-FM,Austin,iHeartMedia,301,35,11.627906976744185,1,0.33222591362126247,70,23.25581395348837,7,2.3255813953488373
4/8/22,KASE-FM,Austin,iHeartMedia,303,53,17.491749174917494,6,1.9801980198019802,78,25.742574257425744,14,4.62046204620462
4/29/22,KASE-FM,Austin,iHeartMedia,299,21,7.023411371237458,1,0.33444816053511706,47,15.719063545150503,4,1.3377926421404682
5/20/22,KASE-FM,Austin,iHeartMedia,309,27,8.737864077669903,3,0.9708737864077669,54,17.475728155339805,9,2.912621359223301
5/27/22,KASE-FM,Austin,iHeartMedia,312,27,8.653846153846153,4,1.282051282051282,54,17.307692307692307,6,1.9230769230769231
6/13/22,KASE-FM,Austin,iHeartMedia,303,22,7.2607260726072615,1,0.33003300330033003,42,13.861386138613863,3,0.9900990099009901
6/24/22,KASE-FM,Austin,iHeartMedia,298,19,6.375838926174497,2,0.6711409395973155,35,11.74496644295302,3,1.006711409395973
7/29/22,KASE-FM,Austin,iHeartMedia,304,25,8.223684210526317,1,0.3289473684210526,48,15.789473684210526,3,0.9868421052631579
8/26/22,KASE-FM,Austin,iHeartMedia,314,17,5.414012738853503,0,0,38,12.101910828025478,1,0.3184713375796179
9/30/22,KASE-FM,Austin,iHeartMedia,298,33,11.073825503355705,4,1.342281879194631,49,16.44295302013423,6,2.013422818791946
10/28/22,KASE-FM,Austin,iHeartMedia,317,24,7.570977917981073,1,0.31545741324921134,41,12.933753943217665,2,0.6309148264984227
11/25/22,KASE-FM,Austin,iHeartMedia,333,24,7.207207207207207,1,0.3003003003003003,40,12.012012012012011,3,0.9009009009009009
12/30/22,KASE-FM,Austin,iHeartMedia,335,33,9.850746268656717,3,0.8955223880597015,50,14.925373134328357,6,1.791044776119403
1/7/22,KVET-FM,Austin,iHeartMedia,313,46,14.696485623003195,0,0,64,20.447284345047922,1,0.3194888178913738
1/24/22,KVET-FM,Austin,iHeartMedia,306,43,14.052287581699346,0,0,58,18.954248366013072,2,0.6535947712418301
1/28/22,KVET-FM,Austin,iHeartMedia,299,40,13.377926421404682,1,0.33444816053511706,53,17.725752508361204,1,0.33444816053511706
2/7/22,KVET-FM,Austin,iHeartMedia,303,37,12.211221122112212,0,0,55,18.151815181518153,1,0.33003300330033003
2/25/22,KVET-FM,Austin,iHeartMedia,310,48,15.483870967741936,0,0,61,19.67741935483871,1,0.3225806451612903
3/18/22,KVET-FM,Austin,iHeartMedia,298,37,12.416107382550337,1,0.33557046979865773,52,17.449664429530202,2,0.6711409395973155
3/25/22,KVET-FM,Austin,iHeartMedia,304,39,12.828947368421053,0,0,54,17.763157894736842,0,0
4/8/22,KVET-FM,Austin,iHeartMedia,308,43,13.96103896103896,1,0.3246753246753247,57,18.506493506493506,1,0.3246753246753247
4/29/22,KVET-FM,Austin,iHeartMedia,304,40,13.157894736842104,0,0,55,18.092105263157894,0,0
5/20/22,KVET-FM,Austin,iHeartMedia,306,42,13.725490196078432,0,0,59,19.28104575163399,0,0
5/27/22,KVET-FM,Austin,iHeartMedia,310,34,10.967741935483872,0,0,45,14.516129032258066,0,0
6/13/22,KVET-FM,Austin,iHeartMedia,309,39,12.62135922330097,0,0,52,16.828478964401295,0,0
6/24/22,KVET-FM,Austin,iHeartMedia,307,37,12.052117263843648,0,0,49,15.960912052117262,1,0.32573289902280134
7/29/22,KVET-FM,Austin,iHeartMedia,317,38,11.987381703470032,0,0,52,16.40378548895899,0,0
8/26/22,KVET-FM,Austin,iHeartMedia,306,31,10.130718954248366,1,0.32679738562091504,48,15.686274509803921,1,0.32679738562091504
9/30/22,KVET-FM,Austin,iHeartMedia,304,36,11.842105263157894,0,0,50,16.447368421052634,1,0.3289473684210526
10/28/22,KVET-FM,Austin,iHeartMedia,312,41,13.141025641025642,0,0,57,18.269230769230766,1,0.3205128205128205
11/25/22,KVET-FM,Austin,iHeartMedia,313,36,11.501597444089457,0,0,48,15.335463258785943,2,0.6389776357827476
12/30/22,KVET-FM,Austin,iHeartMedia,313,39,12.460063897763577,1,0.3194888178913738,51,16.293929712460063,1,0.3194888178913738
1/7/22,WKKT-FM,Charlotte,iHeartMedia,335,38,11.343283582089553,2,0.5970149253731344,66,19.701492537313435,9,2.6865671641791042
1/24/22,WKKT-FM,Charlotte,iHeartMedia,323,19,5.88235294117647,0,0,59,18.26625386996904,6,1.8575851393188854
1/28/22,WKKT-FM,Charlotte,iHeartMedia,315,14,4.444444444444445,0,0,52,16.507936507936506,2,0.6349206349206349
2/7/22,WKKT-FM,Charlotte,iHeartMedia,316,19,6.012658227848101,1,0.31645569620253167,58,18.354430379746837,7,2.2151898734177213
2/25/22,WKKT-FM,Charlotte,iHeartMedia,329,20,6.079027355623101,0,0,60,18.237082066869302,6,1.82370820668693
3/25/22,WKKT-FM,Charlotte,iHeartMedia,324,33,10.185185185185185,2,0.6172839506172839,70,21.604938271604937,11,3.3950617283950617
3/28/22,WKKT-FM,Charlotte,iHeartMedia,307,36,11.726384364820847,2,0.6514657980456027,75,24.429967426710096,6,1.9543973941368076
4/8/22,WKKT-FM,Charlotte,iHeartMedia,323,44,13.622291021671826,0,0,73,22.60061919504644,9,2.786377708978328
4/29/22,WKKT-FM,Charlotte,iHeartMedia,320,33,10.3125,2,0.625,60,18.75,10,3.125
5/20/22,WKKT-FM,Charlotte,iHeartMedia,327,25,7.64525993883792,1,0.3058103975535168,46,14.067278287461773,1,0.3058103975535168
5/27/22,WKKT-FM,Charlotte,iHeartMedia,320,22,6.875000000000001,2,0.625,46,14.374999999999998,3,0.9375
6/13/22,WKKT-FM,Charlotte,iHeartMedia,321,23,7.165109034267912,2,0.6230529595015576,47,14.641744548286603,5,1.557632398753894
6/24/22,WKKT-FM,Charlotte,iHeartMedia,307,22,7.166123778501629,1,0.32573289902280134,44,14.332247557003258,3,0.9771986970684038
7/29/22,WKKT-FM,Charlotte,iHeartMedia,323,17,5.263157894736842,2,0.6191950464396285,36,11.145510835913312,3,0.9287925696594427
8/26/22,WKKT-FM,Charlotte,iHeartMedia,329,17,5.167173252279635,0,0,43,13.069908814589665,3,0.911854103343465
9/30/22,WKKT-FM,Charlotte,iHeartMedia,317,14,4.416403785488959,0,0,38,11.987381703470032,2,0.6309148264984227
10/28/22,WKKT-FM,Charlotte,iHeartMedia,326,9,2.7607361963190185,0,0,38,11.65644171779141,3,0.9202453987730062
11/25/22,WKKT-FM,Charlotte,iHeartMedia,330,22,6.666666666666667,0,0,53,16.060606060606062,1,0.30303030303030304
12/30/22,WKKT-FM,Charlotte,iHeartMedia,326,14,4.294478527607362,2,0.6134969325153374,46,14.11042944785276,4,1.2269938650306749
1/7/22,WSOC-FM,Charlotte,Beasley,348,28,8.045977011494253,0,0,71,20.402298850574713,11,3.1609195402298855
1/24/22,WSOC-FM,Charlotte,Beasley,336,26,7.738095238095238,2,0.5952380952380952,71,21.13095238095238,19,5.654761904761905
1/28/22,WSOC-FM,Charlotte,Beasley,346,24,6.9364161849710975,1,0.2890173410404624,72,20.809248554913296,13,3.7572254335260116
2/7/22,WSOC-FM,Charlotte,Beasley,338,24,7.100591715976331,2,0.591715976331361,57,16.86390532544379,2,0.591715976331361
2/25/22,WSOC-FM,Charlotte,Beasley,351,23,6.552706552706552,2,0.5698005698005698,58,16.524216524216524,8,2.2792022792022792
3/18/22,WSOC-FM,Charlotte,Beasley,335,30,8.955223880597014,2,0.5970149253731344,69,20.597014925373134,11,3.2835820895522385
3/25/22,WSOC-FM,Charlotte,Beasley,337,35,10.385756676557865,1,0.2967359050445104,82,24.33234421364985,13,3.857566765578635
4/8/22,WSOC-FM,Charlotte,Beasley,325,44,13.538461538461538,2,0.6153846153846154,79,24.307692307692307,13,4
4/29/22,WSOC-FM,Charlotte,Beasley,321,30,9.345794392523365,2,0.6230529595015576,65,20.24922118380062,11,3.4267912772585665
5/20/22,WSOC-FM,Charlotte,Beasley,333,40,12.012012012012011,2,0.6006006006006006,68,20.42042042042042,12,3.6036036036036037
5/27/22,WSOC-FM,Charlotte,Beasley,327,36,11.009174311926607,2,0.6116207951070336,67,20.489296636085626,11,3.3639143730886847
6/13/22,WSOC-FM,Charlotte,Beasley,332,31,9.33734939759036,1,0.30120481927710846,60,18.072289156626507,8,2.4096385542168677
6/24/22,WSOC-FM,Charlotte,Beasley,336,34,10.119047619047619,2,0.5952380952380952,60,17.857142857142858,9,2.6785714285714284
7/29/22,WSOC-FM,Charlotte,Beasley,335,27,8.059701492537313,1,0.2985074626865672,60,17.91044776119403,7,2.0895522388059704
8/26/22,WSOC-FM,Charlotte,Beasley,341,26,7.624633431085044,0,0,51,14.95601173020528,5,1.466275659824047
9/30/22,WSOC-FM,Charlotte,Beasley,348,29,8.333333333333332,0,0,58,16.666666666666664,4,1.1494252873563218
10/28/22,WSOC-FM,Charlotte,Beasley,340,19,5.588235294117648,0,0,54,15.88235294117647,6,1.7647058823529411
11/25/22,WSOC-FM,Charlotte,Beasley,372,27,7.258064516129033,0,0,72,19.35483870967742,12,3.225806451612903
12/30/22,WSOC-FM,Charlotte,Beasley,353,27,7.64872521246459,3,0.84985835694051,62,17.56373937677054,7,1.9830028328611897
1/7/22,WUSN-FM,Chicago,Audacy/Entercom,356,36,10.112359550561797,1,0.2808988764044944,64,17.97752808988764,3,0.8426966292134831
1/24/22,WUSN-FM,Chicago,Audacy/Entercom,338,37,10.946745562130179,3,0.8875739644970414,75,22.189349112426036,16,4.733727810650888
1/28/22,WUSN-FM,Chicago,Audacy/Entercom,340,36,10.588235294117647,2,0.5882352941176471,70,20.588235294117645,10,2.941176470588235
2/7/22,WUSN-FM,Chicago,Audacy/Entercom,337,36,10.682492581602373,1,0.2967359050445104,56,16.61721068249258,3,0.8902077151335311
2/25/22,WUSN-FM,Chicago,Audacy/Entercom,339,31,9.144542772861357,3,0.8849557522123894,70,20.64896755162242,10,2.949852507374631
3/18/22,WUSN-FM,Chicago,Audacy/Entercom,344,50,14.534883720930234,7,2.0348837209302326,71,20.63953488372093,15,4.3604651162790695
3/25/22,WUSN-FM,Chicago,Audacy/Entercom,343,43,12.536443148688047,5,1.4577259475218658,69,20.11661807580175,11,3.206997084548105
4/8/22,WUSN-FM,Chicago,Audacy/Entercom,343,53,15.451895043731778,5,1.4577259475218658,87,25.364431486880466,17,4.956268221574344
4/29/22,WUSN-FM,Chicago,Audacy/Entercom,354,44,12.429378531073446,3,0.847457627118644,74,20.903954802259886,11,3.1073446327683616
5/20/22,WUSN-FM,Chicago,Audacy/Entercom,347,47,13.544668587896252,7,2.0172910662824206,67,19.30835734870317,12,3.45821325648415
5/27/22,WUSN-FM,Chicago,Audacy/Entercom,343,48,13.994169096209912,4,1.1661807580174928,79,23.03206997084548,17,4.956268221574344
6/13/22,WUSN-FM,Chicago,Audacy/Entercom,346,46,13.294797687861271,7,2.023121387283237,79,22.832369942196532,15,4.335260115606936
6/24/22,WUSN-FM,Chicago,Audacy/Entercom,345,48,13.91304347826087,8,2.318840579710145,77,22.318840579710145,19,5.507246376811594
7/29/22,WUSN-FM,Chicago,Audacy/Entercom,343,39,11.370262390670554,3,0.8746355685131195,63,18.367346938775512,8,2.3323615160349855
8/26/22,WUSN-FM,Chicago,Audacy/Entercom,343,29,8.454810495626822,2,0.5830903790087464,52,15.160349854227405,8,2.3323615160349855
9/30/22,WUSN-FM,Chicago,Audacy/Entercom,348,39,11.206896551724139,6,1.7241379310344827,58,16.666666666666664,11,3.1609195402298855
10/28/22,WUSN-FM,Chicago,Audacy/Entercom,356,39,10.955056179775282,2,0.5617977528089888,73,20.50561797752809,9,2.528089887640449
11/25/22,WUSN-FM,Chicago,Audacy/Entercom,371,41,11.05121293800539,5,1.3477088948787064,65,17.52021563342318,12,3.234501347708895
12/30/22,WUSN-FM,Chicago,Audacy/Entercom,383,44,11.488250652741515,5,1.3054830287206265,72,18.79895561357702,10,2.610966057441253
1/7/22,WNNF-FM,Cincinnati,Cumulus,341,30,8.797653958944283,0,0,70,20.527859237536656,10,2.932551319648094
1/24/22,WNNF-FM,Cincinnati,Cumulus,319,33,10.344827586206897,1,0.3134796238244514,66,20.689655172413794,8,2.507836990595611
1/28/22,WNNF-FM,Cincinnati,Cumulus,317,33,10.410094637223976,2,0.6309148264984227,71,22.397476340694006,8,2.5236593059936907
2/7/22,WNNF-FM,Cincinnati,Cumulus,315,31,9.841269841269842,0,0,60,19.047619047619047,7,2.2222222222222223
2/25/22,WNNF-FM,Cincinnati,Cumulus,319,27,8.463949843260188,1,0.3134796238244514,63,19.74921630094044,7,2.19435736677116
3/18/22,WNNF-FM,Cincinnati,Cumulus,319,31,9.717868338557993,1,0.3134796238244514,62,19.435736677115987,7,2.19435736677116
3/25/22,WNNF-FM,Cincinnati,Cumulus,321,33,10.2803738317757,0,0,64,19.937694704049843,5,1.557632398753894
4/8/22,WNNF-FM,Cincinnati,Cumulus,316,40,12.658227848101266,1,0.31645569620253167,61,19.303797468354432,5,1.5822784810126582
4/29/22,WNNF-FM,Cincinnati,Cumulus,315,33,10.476190476190476,2,0.6349206349206349,48,15.238095238095239,3,0.9523809523809524
5/20/22,WNNF-FM,Cincinnati,Cumulus,317,36,11.35646687697161,1,0.31545741324921134,59,18.61198738170347,7,2.2082018927444795
5/27/22,WNNF-FM,Cincinnati,Cumulus,319,35,10.9717868338558,1,0.3134796238244514,55,17.24137931034483,4,1.2539184952978055
6/13/22,WNNF-FM,Cincinnati,Cumulus,318,32,10.062893081761008,1,0.3144654088050315,49,15.40880503144654,4,1.257861635220126
6/24/22,WNNF-FM,Cincinnati,Cumulus,326,33,10.122699386503067,1,0.3067484662576687,56,17.177914110429448,3,0.9202453987730062
7/29/22,WNNF-FM,Cincinnati,Cumulus,320,34,10.625,1,0.3125,59,18.4375,5,1.5625
8/26/22,WNNF-FM,Cincinnati,Cumulus,317,32,10.094637223974763,0,0,51,16.08832807570978,2,0.6309148264984227
9/30/22,WNNF-FM,Cincinnati,Cumulus,309,30,9.70873786407767,0,0,54,17.475728155339805,2,0.6472491909385114
10/28/22,WNNF-FM,Cincinnati,Cumulus,315,36,11.428571428571429,1,0.31746031746031744,56,17.77777777777778,4,1.2698412698412698
11/25/22,WNNF-FM,Cincinnati,Cumulus,311,29,9.32475884244373,0,0,51,16.39871382636656,0,0
12/30/22,WNNF-FM,Cincinnati,Cumulus,326,33,10.122699386503067,0,0,56,17.177914110429448,4,1.2269938650306749
1/7/22,WUBE-FM,Cincinnati,Hubbard,344,45,13.08139534883721,0,0,76,22.093023255813954,2,0.5813953488372093
1/24/22,WUBE-FM,Cincinnati,Hubbard,332,38,11.44578313253012,0,0,77,23.19277108433735,1,0.30120481927710846
1/28/22,WUBE-FM,Cincinnati,Hubbard,337,37,10.979228486646884,1,0.2967359050445104,74,21.958456973293767,2,0.5934718100890208
2/7/22,WUBE-FM,Cincinnati,Hubbard,314,34,10.828025477707007,0,0,73,23.248407643312103,2,0.6369426751592357
2/25/22,WUBE-FM,Cincinnati,Hubbard,321,41,12.77258566978193,0,0,79,24.610591900311526,1,0.3115264797507788
3/18/22,WUBE-FM,Cincinnati,Hubbard,318,38,11.949685534591195,0,0,70,22.0125786163522,1,0.3144654088050315
3/25/22,WUBE-FM,Cincinnati,Hubbard,325,42,12.923076923076923,0,0,72,22.153846153846153,1,0.3076923076923077
4/8/22,WUBE-FM,Cincinnati,Hubbard,318,37,11.635220125786164,0,0,72,22.641509433962266,2,0.628930817610063
4/29/22,WUBE-FM,Cincinnati,Hubbard,321,41,12.77258566978193,0,0,68,21.18380062305296,1,0.3115264797507788
5/20/22,WUBE-FM,Cincinnati,Hubbard,323,37,11.455108359133128,0,0,66,20.43343653250774,1,0.30959752321981426
5/27/22,WUBE-FM,Cincinnati,Hubbard,329,29,8.814589665653495,0,0,56,17.02127659574468,0,0
6/13/22,WUBE-FM,Cincinnati,Hubbard,329,35,10.638297872340425,0,0,61,18.541033434650455,0,0
6/24/22,WUBE-FM,Cincinnati,Hubbard,331,25,7.552870090634441,0,0,52,15.709969788519636,0,0
7/29/22,WUBE-FM,Cincinnati,Hubbard,324,24,7.4074074074074066,0,0,41,12.654320987654321,1,0.30864197530864196
8/26/22,WUBE-FM,Cincinnati,Hubbard,319,20,6.269592476489027,0,0,42,13.166144200626958,1,0.3134796238244514
9/30/22,WUBE-FM,Cincinnati,Hubbard,327,27,8.256880733944955,0,0,46,14.067278287461773,1,0.3058103975535168
10/28/22,WUBE-FM,Cincinnati,Hubbard,323,28,8.6687306501548,0,0,54,16.718266253869967,1,0.30959752321981426
11/25/22,WUBE-FM,Cincinnati,Hubbard,351,36,10.256410256410255,0,0,60,17.094017094017094,0,0
12/30/22,WUBE-FM,Cincinnati,Hubbard,335,34,10.149253731343283,1,0.2985074626865672,58,17.313432835820898,1,0.2985074626865672
1/7/22,WYGY-FM,Cincinnati,Hubbard,376,41,10.904255319148938,1,0.26595744680851063,63,16.75531914893617,6,1.5957446808510638
1/24/22,WYGY-FM,Cincinnati,Hubbard,356,39,10.955056179775282,2,0.5617977528089888,65,18.258426966292134,8,2.247191011235955
1/28/22,WYGY-FM,Cincinnati,Hubbard,362,33,9.116022099447514,1,0.2762430939226519,55,15.193370165745856,3,0.8287292817679558
2/7/22,WYGY-FM,Cincinnati,Hubbard,348,41,11.781609195402298,2,0.5747126436781609,64,18.39080459770115,6,1.7241379310344827
2/25/22,WYGY-FM,Cincinnati,Hubbard,361,37,10.249307479224377,0,0,62,17.174515235457065,5,1.3850415512465373
3/18/22,WYGY-FM,Cincinnati,Hubbard,346,39,11.271676300578035,1,0.2890173410404624,62,17.91907514450867,7,2.023121387283237
3/25/22,WYGY-FM,Cincinnati,Hubbard,359,42,11.699164345403899,1,0.2785515320334262,66,18.384401114206128,6,1.6713091922005572
4/8/22,WYGY-FM,Cincinnati,Hubbard,352,36,10.227272727272728,0,0,54,15.340909090909092,3,0.8522727272727272
4/29/22,WYGY-FM,Cincinnati,Hubbard,351,42,11.965811965811966,0,0,62,17.663817663817664,3,0.8547008547008548
5/20/22,WYGY-FM,Cincinnati,Hubbard,347,41,11.815561959654179,1,0.2881844380403458,60,17.29106628242075,7,2.0172910662824206
5/27/22,WYGY-FM,Cincinnati,Hubbard,353,41,11.614730878186968,0,0,60,16.997167138810198,1,0.28328611898017
6/13/22,WYGY-FM,Cincinnati,Hubbard,343,28,8.16326530612245,0,0,49,14.285714285714285,4,1.1661807580174928
6/24/22,WYGY-FM,Cincinnati,Hubbard,350,40,11.428571428571429,0,0,59,16.857142857142858,2,0.5714285714285714
7/29/22,WYGY-FM,Cincinnati,Hubbard,343,40,11.661807580174926,0,0,49,14.285714285714285,2,0.5830903790087464
8/26/22,WYGY-FM,Cincinnati,Hubbard,342,37,10.818713450292398,1,0.29239766081871343,48,14.035087719298245,1,0.29239766081871343
9/30/22,WYGY-FM,Cincinnati,Hubbard,353,45,12.747875354107649,1,0.28328611898017,53,15.01416430594901,3,0.84985835694051
10/28/22,WYGY-FM,Cincinnati,Hubbard,352,43,12.215909090909092,1,0.2840909090909091,52,14.772727272727273,3,0.8522727272727272
11/25/22,WYGY-FM,Cincinnati,Hubbard,351,41,11.68091168091168,0,0,50,14.245014245014245,2,0.5698005698005698
12/30/22,WYGY-FM,Cincinnati,Hubbard,351,45,12.82051282051282,1,0.2849002849002849,56,15.954415954415953,3,0.8547008547008548
1/7/22,WCOL-FM,Columbus,iHeartMedia,302,35,11.589403973509933,0,0,64,21.192052980132452,7,2.3178807947019866
1/24/22,WCOL-FM,Columbus,iHeartMedia,302,18,5.960264900662252,0,0,54,17.880794701986755,9,2.980132450331126
1/28/22,WCOL-FM,Columbus,iHeartMedia,297,21,7.07070707070707,1,0.33670033670033667,56,18.855218855218855,4,1.3468013468013467
2/7/22,WCOL-FM,Columbus,iHeartMedia,294,23,7.8231292517006805,1,0.3401360544217687,53,18.027210884353742,3,1.0204081632653061
2/25/22,WCOL-FM,Columbus,iHeartMedia,304,23,7.565789473684211,0,0,55,18.092105263157894,10,3.289473684210526
3/18/22,WCOL-FM,Columbus,iHeartMedia,284,38,13.380281690140844,2,0.7042253521126761,76,26.76056338028169,14,4.929577464788732
3/25/22,WCOL-FM,Columbus,iHeartMedia,285,30,10.526315789473683,1,0.3508771929824561,51,17.894736842105264,4,1.4035087719298245
4/8/22,WCOL-FM,Columbus,iHeartMedia,295,51,17.28813559322034,2,0.6779661016949152,76,25.76271186440678,11,3.728813559322034
4/29/22,WCOL-FM,Columbus,iHeartMedia,292,23,7.876712328767123,2,0.684931506849315,55,18.835616438356166,9,3.0821917808219177
5/20/22,WCOL-FM,Columbus,iHeartMedia,302,18,5.960264900662252,0,0,36,11.920529801324504,3,0.9933774834437087
5/27/22,WCOL-FM,Columbus,iHeartMedia,303,15,4.9504950495049505,0,0,34,11.221122112211221,1,0.33003300330033003
6/13/22,WCOL-FM,Columbus,iHeartMedia,298,22,7.38255033557047,0,0,48,16.10738255033557,2,0.6711409395973155
6/24/22,WCOL-FM,Columbus,iHeartMedia,279,22,7.885304659498208,0,0,43,15.412186379928317,3,1.0752688172043012
7/29/22,WCOL-FM,Columbus,iHeartMedia,300,22,7.333333333333333,0,0,46,15.333333333333332,1,0.33333333333333337
8/26/22,WCOL-FM,Columbus,iHeartMedia,290,15,5.172413793103448,0,0,38,13.10344827586207,3,1.0344827586206897
9/30/22,WCOL-FM,Columbus,iHeartMedia,286,18,6.293706293706294,0,0,38,13.286713286713287,1,0.34965034965034963
10/28/22,WCOL-FM,Columbus,iHeartMedia,283,15,5.30035335689046,1,0.35335689045936397,40,14.13427561837456,2,0.7067137809187279
11/25/22,WCOL-FM,Columbus,iHeartMedia,293,22,7.508532423208192,0,0,46,15.699658703071673,3,1.023890784982935
12/30/22,WCOL-FM,Columbus,iHeartMedia,282,19,6.73758865248227,1,0.3546099290780142,38,13.47517730496454,1,0.3546099290780142
1/7/22,KPLX-FM,Dallas,Cumulus,332,35,10.542168674698797,0,0,58,17.46987951807229,3,0.9036144578313252
1/24/22,KPLX-FM,Dallas,Cumulus,310,31,10,1,0.3225806451612903,59,19.032258064516128,6,1.935483870967742
1/28/22,KPLX-FM,Dallas,Cumulus,325,28,8.615384615384615,1,0.3076923076923077,61,18.76923076923077,2,0.6153846153846154
2/7/22,KPLX-FM,Dallas,Cumulus,305,22,7.213114754098362,0,0,46,15.081967213114755,1,0.32786885245901637
2/25/22,KPLX-FM,Dallas,Cumulus,313,27,8.626198083067091,2,0.6389776357827476,59,18.849840255591054,5,1.5974440894568689
3/18/22,KPLX-FM,Dallas,Cumulus,317,37,11.67192429022082,1,0.31545741324921134,52,16.40378548895899,4,1.2618296529968454
3/25/22,KPLX-FM,Dallas,Cumulus,301,38,12.624584717607974,0,0,50,16.611295681063122,2,0.6644518272425249
4/8/22,KPLX-FM,Dallas,Cumulus,306,37,12.091503267973856,1,0.32679738562091504,52,16.99346405228758,4,1.3071895424836601
4/29/22,KPLX-FM,Dallas,Cumulus,324,38,11.728395061728394,1,0.30864197530864196,51,15.74074074074074,1,0.30864197530864196
5/20/22,KPLX-FM,Dallas,Cumulus,317,38,11.987381703470032,3,0.9463722397476341,56,17.665615141955836,6,1.8927444794952681
5/27/22,KPLX-FM,Dallas,Cumulus,315,44,13.968253968253968,1,0.31746031746031744,58,18.412698412698415,4,1.2698412698412698
6/13/22,KPLX-FM,Dallas,Cumulus,313,41,13.099041533546327,1,0.3194888178913738,59,18.849840255591054,3,0.9584664536741214
6/24/22,KPLX-FM,Dallas,Cumulus,313,36,11.501597444089457,0,0,53,16.93290734824281,2,0.6389776357827476
7/29/22,KPLX-FM,Dallas,Cumulus,325,44,13.538461538461538,1,0.3076923076923077,59,18.153846153846153,5,1.5384615384615385
8/26/22,KPLX-FM,Dallas,Cumulus,313,44,14.057507987220447,0,0,57,18.210862619808307,3,0.9584664536741214
9/30/22,KPLX-FM,Dallas,Cumulus,310,38,12.258064516129032,2,0.6451612903225806,46,14.838709677419354,2,0.6451612903225806
10/28/22,KPLX-FM,Dallas,Cumulus,310,32,10.32258064516129,0,0,45,14.516129032258066,0,0
11/25/22,KPLX-FM,Dallas,Cumulus,346,39,11.271676300578035,0,0,51,14.739884393063585,2,0.5780346820809248
12/30/22,KPLX-FM,Dallas,Cumulus,333,50,15.015015015015015,0,0,54,16.216216216216218,0,0
1/7/22,KSCS-FM,Dallas,Audacy/Entercom,341,33,9.67741935483871,1,0.2932551319648094,66,19.35483870967742,8,2.346041055718475
1/24/22,KSCS-FM,Dallas,Audacy/Entercom,326,26,7.975460122699387,1,0.3067484662576687,59,18.098159509202453,4,1.2269938650306749
1/28/22,KSCS-FM,Dallas,Audacy/Entercom,336,22,6.547619047619048,1,0.2976190476190476,64,19.047619047619047,4,1.1904761904761905
2/7/22,KSCS-FM,Dallas,Audacy/Entercom,326,21,6.441717791411043,1,0.3067484662576687,64,19.631901840490798,5,1.5337423312883436
2/25/22,KSCS-FM,Dallas,Audacy/Entercom,332,24,7.228915662650602,1,0.30120481927710846,72,21.686746987951807,5,1.5060240963855422
3/18/22,KSCS-FM,Dallas,Audacy/Entercom,334,36,10.778443113772456,2,0.5988023952095809,72,21.55688622754491,6,1.7964071856287425
3/25/22,KSCS-FM,Dallas,Audacy/Entercom,334,26,7.784431137724551,0,0,64,19.16167664670659,7,2.095808383233533
4/8/22,KSCS-FM,Dallas,Audacy/Entercom,335,35,10.44776119402985,2,0.5970149253731344,77,22.98507462686567,8,2.3880597014925375
4/29/22,KSCS-FM,Dallas,Audacy/Entercom,343,34,9.912536443148689,0,0,76,22.157434402332363,3,0.8746355685131195
5/20/22,KSCS-FM,Dallas,Audacy/Entercom,328,23,7.01219512195122,1,0.3048780487804878,77,23.47560975609756,8,2.4390243902439024
5/27/22,KSCS-FM,Dallas,Audacy/Entercom,330,23,6.969696969696971,2,0.6060606060606061,66,20,10,3.0303030303030303
6/13/22,KSCS-FM,Dallas,Audacy/Entercom,331,36,10.876132930513595,1,0.3021148036253776,79,23.867069486404834,5,1.5105740181268883
6/24/22,KSCS-FM,Dallas,Audacy/Entercom,336,20,5.952380952380952,0,0,48,14.285714285714285,2,0.5952380952380952
7/29/22,KSCS-FM,Dallas,Audacy/Entercom,346,14,4.046242774566474,0,0,41,11.849710982658959,0,0
8/26/22,KSCS-FM,Dallas,Audacy/Entercom,328,26,7.926829268292683,0,0,45,13.719512195121952,1,0.3048780487804878
9/30/22,KSCS-FM,Dallas,Audacy/Entercom,336,35,10.416666666666668,0,0,65,19.345238095238095,3,0.8928571428571428
10/28/22,KSCS-FM,Dallas,Audacy/Entercom,324,18,5.555555555555555,0,0,49,15.123456790123457,1,0.30864197530864196
11/25/22,KSCS-FM,Dallas,Audacy/Entercom,361,33,9.141274238227147,0,0,58,16.06648199445983,4,1.10803324099723
12/30/22,KSCS-FM,Dallas,Audacy/Entercom,332,26,7.83132530120482,0,0,46,13.855421686746988,0,0
1/7/22,WPAW-FM,Greensboro,Audacy/Entercom,367,47,12.806539509536785,3,0.8174386920980926,84,22.888283378746593,14,3.8147138964577656
1/24/22,WPAW-FM,Greensboro,Audacy/Entercom,371,35,9.433962264150944,3,0.8086253369272237,76,20.485175202156334,14,3.7735849056603774
1/28/22,WPAW-FM,Greensboro,Audacy/Entercom,371,37,9.973045822102426,0,0,80,21.563342318059302,17,4.5822102425876015
2/7/22,WPAW-FM,Greensboro,Audacy/Entercom,375,36,9.6,1,0.26666666666666666,78,20.8,13,3.4666666666666663
2/25/22,WPAW-FM,Greensboro,Audacy/Entercom,375,43,11.466666666666667,4,1.0666666666666667,81,21.6,15,4
3/18/22,WPAW-FM,Greensboro,Audacy/Entercom,367,30,8.174386920980927,3,0.8174386920980926,83,22.615803814713896,18,4.904632152588556
3/25/22,WPAW-FM,Greensboro,Audacy/Entercom,365,33,9.04109589041096,2,0.547945205479452,78,21.36986301369863,12,3.287671232876712
4/8/22,WPAW-FM,Greensboro,Audacy/Entercom,373,43,11.528150134048257,4,1.0723860589812333,82,21.983914209115284,14,3.753351206434316
4/29/22,WPAW-FM,Greensboro,Audacy/Entercom,370,39,10.54054054054054,2,0.5405405405405406,76,20.54054054054054,16,4.324324324324325
5/20/22,WPAW-FM,Greensboro,Audacy/Entercom,355,36,10.140845070422536,2,0.5633802816901409,61,17.183098591549296,5,1.4084507042253522
5/27/22,WPAW-FM,Greensboro,Audacy/Entercom,377,42,11.140583554376658,1,0.2652519893899204,73,19.363395225464192,10,2.6525198938992043
6/13/22,WPAW-FM,Greensboro,Audacy/Entercom,365,34,9.315068493150685,3,0.821917808219178,71,19.45205479452055,16,4.383561643835616
6/24/22,WPAW-FM,Greensboro,Audacy/Entercom,372,38,10.21505376344086,1,0.2688172043010753,70,18.817204301075268,12,3.225806451612903
7/29/22,WPAW-FM,Greensboro,Audacy/Entercom,378,30,7.936507936507936,1,0.26455026455026454,65,17.195767195767196,8,2.1164021164021163
8/26/22,WPAW-FM,Greensboro,Audacy/Entercom,387,23,5.943152454780361,1,0.2583979328165375,59,15.245478036175712,9,2.3255813953488373
9/30/22,WPAW-FM,Greensboro,Audacy/Entercom,384,38,9.895833333333332,4,1.0416666666666665,73,19.010416666666664,7,1.8229166666666667
10/28/22,WPAW-FM,Greensboro,Audacy/Entercom,380,38,10,3,0.7894736842105263,74,19.473684210526315,12,3.1578947368421053
11/25/22,WPAW-FM,Greensboro,Audacy/Entercom,396,42,10.606060606060606,3,0.7575757575757576,84,21.21212121212121,10,2.525252525252525
12/30/22,WPAW-FM,Greensboro,Audacy/Entercom,395,27,6.8354430379746836,0,0,70,17.72151898734177,11,2.7848101265822782
1/7/22,WTQR-FM,Greensboro,iHeartMedia,340,45,13.23529411764706,4,1.1764705882352942,74,21.764705882352942,12,3.5294117647058822
1/24/22,WTQR-FM,Greensboro,iHeartMedia,319,22,6.896551724137931,1,0.3134796238244514,54,16.927899686520377,6,1.8808777429467085
1/28/22,WTQR-FM,Greensboro,iHeartMedia,331,29,8.761329305135952,3,0.906344410876133,59,17.82477341389728,6,1.812688821752266
2/7/22,WTQR-FM,Greensboro,iHeartMedia,319,22,6.896551724137931,2,0.6269592476489028,48,15.047021943573668,4,1.2539184952978055
2/25/22,WTQR-FM,Greensboro,iHeartMedia,333,21,6.306306306306306,0,0,55,16.516516516516518,6,1.8018018018018018
3/25/22,WTQR-FM,Greensboro,iHeartMedia,324,23,7.098765432098765,0,0,49,15.123456790123457,4,1.2345679012345678
3/28/22,WTQR-FM,Greensboro,iHeartMedia,326,34,10.429447852760736,1,0.3067484662576687,62,19.018404907975462,5,1.5337423312883436
4/8/22,WTQR-FM,Greensboro,iHeartMedia,318,38,11.949685534591195,2,0.628930817610063,67,21.069182389937108,12,3.7735849056603774
4/29/22,WTQR-FM,Greensboro,iHeartMedia,318,21,6.60377358490566,2,0.628930817610063,49,15.40880503144654,4,1.257861635220126
5/20/22,WTQR-FM,Greensboro,iHeartMedia,325,21,6.461538461538462,1,0.3076923076923077,49,15.076923076923077,5,1.5384615384615385
5/27/22,WTQR-FM,Greensboro,iHeartMedia,331,16,4.833836858006042,0,0,46,13.897280966767372,5,1.5105740181268883
6/13/22,WTQR-FM,Greensboro,iHeartMedia,325,16,4.923076923076923,0,0,44,13.538461538461538,2,0.6153846153846154
6/24/22,WTQR-FM,Greensboro,iHeartMedia,320,17,5.3125,0,0,43,13.4375,3,0.9375
7/29/22,WTQR-FM,Greensboro,iHeartMedia,322,18,5.590062111801243,0,0,45,13.975155279503104,1,0.3105590062111801
8/26/22,WTQR-FM,Greensboro,iHeartMedia,329,17,5.167173252279635,1,0.303951367781155,42,12.76595744680851,2,0.60790273556231
9/30/22,WTQR-FM,Greensboro,iHeartMedia,309,19,6.148867313915858,3,0.9708737864077669,42,13.592233009708737,4,1.2944983818770228
10/28/22,WTQR-FM,Greensboro,iHeartMedia,331,19,5.740181268882175,1,0.3021148036253776,51,15.407854984894259,1,0.3021148036253776
11/25/22,WTQR-FM,Greensboro,iHeartMedia,336,16,4.761904761904762,0,0,45,13.392857142857142,1,0.2976190476190476
12/30/22,WTQR-FM,Greensboro,iHeartMedia,338,22,6.508875739644971,5,1.4792899408284024,51,15.088757396449704,9,2.6627218934911245
1/7/22,KILT-FM,Houston,Audacy/Entercom,351,39,11.11111111111111,4,1.1396011396011396,64,18.233618233618234,13,3.7037037037037033
1/24/22,KILT-FM,Houston,Audacy/Entercom,344,33,9.593023255813954,1,0.29069767441860467,60,17.441860465116278,6,1.744186046511628
1/28/22,KILT-FM,Houston,Audacy/Entercom,340,35,10.294117647058822,2,0.5882352941176471,59,17.352941176470587,7,2.0588235294117645
2/7/22,KILT-FM,Houston,Audacy/Entercom,349,31,8.882521489971348,0,0,68,19.484240687679083,11,3.151862464183381
2/25/22,KILT-FM,Houston,Audacy/Entercom,345,26,7.536231884057972,0,0,52,15.072463768115943,6,1.7391304347826086
3/18/22,KILT-FM,Houston,Audacy/Entercom,344,28,8.13953488372093,0,0,60,17.441860465116278,6,1.744186046511628
3/25/22,KILT-FM,Houston,Audacy/Entercom,358,31,8.659217877094973,1,0.27932960893854747,60,16.75977653631285,9,2.5139664804469275
4/8/22,KILT-FM,Houston,Audacy/Entercom,348,47,13.505747126436782,3,0.8620689655172413,69,19.82758620689655,8,2.2988505747126435
4/29/22,KILT-FM,Houston,Audacy/Entercom,358,26,7.262569832402235,0,0,52,14.52513966480447,9,2.5139664804469275
5/20/22,KILT-FM,Houston,Audacy/Entercom,341,31,9.090909090909092,3,0.8797653958944283,54,15.835777126099707,9,2.6392961876832843
5/27/22,KILT-FM,Houston,Audacy/Entercom,353,34,9.631728045325778,2,0.56657223796034,64,18.13031161473088,12,3.39943342776204
6/13/22,KILT-FM,Houston,Audacy/Entercom,351,30,8.547008547008547,0,0,60,17.094017094017094,10,2.849002849002849
6/24/22,KILT-FM,Houston,Audacy/Entercom,337,29,8.605341246290802,0,0,52,15.43026706231454,6,1.7804154302670623
7/29/22,KILT-FM,Houston,Audacy/Entercom,355,27,7.605633802816901,0,0,45,12.676056338028168,6,1.6901408450704223
8/26/22,KILT-FM,Houston,Audacy/Entercom,347,28,8.069164265129682,2,0.5763688760806917,50,14.409221902017292,2,0.5763688760806917
9/30/22,KILT-FM,Houston,Audacy/Entercom,345,29,8.405797101449275,1,0.2898550724637681,51,14.782608695652174,5,1.4492753623188406
10/28/22,KILT-FM,Houston,Audacy/Entercom,340,29,8.529411764705882,1,0.29411764705882354,55,16.176470588235293,6,1.7647058823529411
11/25/22,KILT-FM,Houston,Audacy/Entercom,370,28,7.567567567567568,0,0,50,13.513513513513514,5,1.3513513513513513
12/30/22,KILT-FM,Houston,Audacy/Entercom,354,34,9.6045197740113,1,0.2824858757062147,53,14.971751412429379,4,1.1299435028248588
1/7/22,KKBQ-FM,Houston,COX,336,41,12.202380952380953,5,1.488095238095238,69,20.535714285714285,12,3.571428571428571
1/24/22,KKBQ-FM,Houston,COX,327,39,11.926605504587156,5,1.529051987767584,69,21.100917431192663,14,4.281345565749235
1/28/22,KKBQ-FM,Houston,COX,325,41,12.615384615384615,6,1.8461538461538463,67,20.615384615384617,12,3.6923076923076925
2/7/22,KKBQ-FM,Houston,COX,326,39,11.96319018404908,2,0.6134969325153374,68,20.858895705521473,6,1.8404907975460123
2/25/22,KKBQ-FM,Houston,COX,319,31,9.717868338557993,1,0.3134796238244514,56,17.55485893416928,5,1.5673981191222568
3/18/22,KKBQ-FM,Houston,COX,309,35,11.326860841423949,2,0.6472491909385114,59,19.093851132686083,7,2.26537216828479
3/25/22,KKBQ-FM,Houston,COX,317,46,14.511041009463725,3,0.9463722397476341,66,20.82018927444795,10,3.1545741324921135
4/8/22,KKBQ-FM,Houston,COX,339,45,13.274336283185843,2,0.5899705014749262,75,22.123893805309734,11,3.2448377581120944
4/29/22,KKBQ-FM,Houston,COX,340,44,12.941176470588237,6,1.7647058823529411,73,21.470588235294116,12,3.5294117647058822
5/20/22,KKBQ-FM,Houston,COX,340,29,8.529411764705882,1,0.29411764705882354,70,20.588235294117645,9,2.6470588235294117
5/27/22,KKBQ-FM,Houston,COX,340,30,8.823529411764707,3,0.8823529411764706,67,19.705882352941178,10,2.941176470588235
6/13/22,KKBQ-FM,Houston,COX,354,30,8.47457627118644,1,0.2824858757062147,76,21.468926553672315,9,2.5423728813559325
6/24/22,KKBQ-FM,Houston,COX,356,28,7.865168539325842,0,0,65,18.258426966292134,6,1.6853932584269662
7/29/22,KKBQ-FM,Houston,COX,358,20,5.58659217877095,0,0,60,16.75977653631285,8,2.2346368715083798
8/26/22,KKBQ-FM,Houston,COX,352,31,8.806818181818182,2,0.5681818181818182,69,19.602272727272727,10,2.840909090909091
9/30/22,KKBQ-FM,Houston,COX,364,40,10.989010989010989,4,1.098901098901099,77,21.153846153846153,14,3.8461538461538463
10/28/22,KKBQ-FM,Houston,COX,344,25,7.267441860465117,0,0,62,18.023255813953487,8,2.3255813953488373
11/25/22,KKBQ-FM,Houston,COX,372,28,7.526881720430108,2,0.5376344086021506,65,17.473118279569892,9,2.4193548387096775
12/30/22,KKBQ-FM,Houston,COX,385,27,7.012987012987012,1,0.2597402597402597,67,17.402597402597404,12,3.116883116883117
1/7/22,WFMS-FM,Indianapolis,Cumulus,336,28,8.333333333333332,0,0,66,19.642857142857142,5,1.488095238095238
1/24/22,WFMS-FM,Indianapolis,Cumulus,321,29,9.034267912772584,1,0.3115264797507788,68,21.18380062305296,6,1.8691588785046727
1/28/22,WFMS-FM,Indianapolis,Cumulus,330,24,7.2727272727272725,1,0.30303030303030304,63,19.090909090909093,4,1.2121212121212122
2/7/22,WFMS-FM,Indianapolis,Cumulus,322,26,8.074534161490684,0,0,63,19.565217391304348,4,1.2422360248447204
2/25/22,WFMS-FM,Indianapolis,Cumulus,308,26,8.441558441558442,2,0.6493506493506493,71,23.051948051948052,12,3.896103896103896
3/18/22,WFMS-FM,Indianapolis,Cumulus,323,22,6.811145510835913,1,0.30959752321981426,56,17.3374613003096,6,1.8575851393188854
3/25/22,WFMS-FM,Indianapolis,Cumulus,313,23,7.348242811501597,0,0,58,18.53035143769968,5,1.5974440894568689
4/8/22,WFMS-FM,Indianapolis,Cumulus,342,32,9.35672514619883,2,0.5847953216374269,67,19.5906432748538,7,2.046783625730994
4/29/22,WFMS-FM,Indianapolis,Cumulus,318,20,6.289308176100629,2,0.628930817610063,54,16.9811320754717,3,0.9433962264150944
5/20/22,WFMS-FM,Indianapolis,Cumulus,315,20,6.349206349206349,1,0.31746031746031744,55,17.46031746031746,5,1.5873015873015872
5/27/22,WFMS-FM,Indianapolis,Cumulus,313,25,7.987220447284344,0,0,55,17.57188498402556,7,2.2364217252396164
6/13/22,WFMS-FM,Indianapolis,Cumulus,317,22,6.940063091482649,1,0.31545741324921134,57,17.981072555205046,5,1.5772870662460567
6/24/22,WFMS-FM,Indianapolis,Cumulus,318,22,6.918238993710692,0,0,49,15.40880503144654,6,1.8867924528301887
7/29/22,WFMS-FM,Indianapolis,Cumulus,343,29,8.454810495626822,2,0.5830903790087464,55,16.034985422740526,8,2.3323615160349855
8/26/22,WFMS-FM,Indianapolis,Cumulus,321,20,6.230529595015576,0,0,52,16.1993769470405,7,2.1806853582554515
9/30/22,WFMS-FM,Indianapolis,Cumulus,321,24,7.476635514018691,0,0,60,18.69158878504673,8,2.4922118380062304
10/28/22,WFMS-FM,Indianapolis,Cumulus,330,23,6.969696969696971,1,0.30303030303030304,54,16.363636363636363,8,2.4242424242424243
11/25/22,WFMS-FM,Indianapolis,Cumulus,338,17,5.029585798816568,0,0,47,13.905325443786982,0,0
12/30/22,WFMS-FM,Indianapolis,Cumulus,381,24,6.299212598425196,0,0,63,16.535433070866144,5,1.3123359580052494
1/7/22,WLHK-FM,Indianapolis,Emmis,384,28,7.291666666666667,3,0.78125,73,19.010416666666664,10,2.604166666666667
1/24/22,WLHK-FM,Indianapolis,Emmis,375,29,7.733333333333333,2,0.5333333333333333,79,21.066666666666666,12,3.2
1/28/22,WLHK-FM,Indianapolis,Emmis,382,37,9.68586387434555,2,0.5235602094240838,82,21.465968586387437,15,3.926701570680628
2/7/22,WLHK-FM,Indianapolis,Emmis,367,34,9.264305177111716,2,0.544959128065395,72,19.618528610354225,15,4.087193460490464
2/25/22,WLHK-FM,Indianapolis,Emmis,378,30,7.936507936507936,2,0.5291005291005291,72,19.047619047619047,13,3.439153439153439
3/18/22,WLHK-FM,Indianapolis,Emmis,369,27,7.317073170731707,2,0.5420054200542005,67,18.157181571815716,9,2.4390243902439024
3/25/22,WLHK-FM,Indianapolis,Emmis,364,43,11.813186813186812,3,0.8241758241758242,76,20.87912087912088,8,2.197802197802198
4/8/22,WLHK-FM,Indianapolis,Emmis,388,45,11.597938144329897,3,0.7731958762886598,86,22.164948453608247,12,3.0927835051546393
4/29/22,WLHK-FM,Indianapolis,Emmis,379,38,10.026385224274406,2,0.5277044854881267,73,19.261213720316622,9,2.3746701846965697
5/20/22,WLHK-FM,Indianapolis,Emmis,379,32,8.443271767810026,3,0.79155672823219,71,18.733509234828496,13,3.430079155672823
5/27/22,WLHK-FM,Indianapolis,Emmis,384,27,7.03125,1,0.26041666666666663,67,17.447916666666664,9,2.34375
6/13/22,WLHK-FM,Indianapolis,Emmis,372,28,7.526881720430108,2,0.5376344086021506,68,18.27956989247312,10,2.6881720430107525
6/24/22,WLHK-FM,Indianapolis,Emmis,373,26,6.970509383378016,0,0,71,19.034852546916888,12,3.2171581769436997
7/29/22,WLHK-FM,Indianapolis,Emmis,390,20,5.128205128205128,1,0.2564102564102564,64,16.41025641025641,14,3.5897435897435894
8/26/22,WLHK-FM,Indianapolis,Emmis,383,30,7.83289817232376,0,0,69,18.01566579634465,13,3.3942558746736298
9/30/22,WLHK-FM,Indianapolis,Emmis,398,30,7.537688442211055,2,0.5025125628140703,68,17.08542713567839,13,3.2663316582914574
10/28/22,WLHK-FM,Indianapolis,Emmis,382,22,5.7591623036649215,1,0.2617801047120419,66,17.277486910994764,8,2.094240837696335
11/25/22,WLHK-FM,Indianapolis,Emmis,379,29,7.651715039577836,2,0.5277044854881267,65,17.150395778364118,11,2.9023746701846966
12/30/22,WLHK-FM,Indianapolis,Emmis,385,33,8.571428571428571,1,0.2597402597402597,71,18.441558441558442,9,2.3376623376623376
1/7/22,KBEQ-FM,KansasCity,Steel City,342,38,11.11111111111111,3,0.8771929824561403,67,19.5906432748538,9,2.631578947368421
1/24/22,KBEQ-FM,KansasCity,Steel City,329,36,10.94224924012158,3,0.911854103343465,60,18.237082066869302,11,3.343465045592705
1/28/22,KBEQ-FM,KansasCity,Steel City,324,37,11.419753086419753,3,0.9259259259259258,64,19.753086419753085,14,4.320987654320987
2/7/22,KBEQ-FM,KansasCity,Steel City,327,31,9.480122324159021,2,0.6116207951070336,56,17.12538226299694,9,2.7522935779816518
2/25/22,KBEQ-FM,KansasCity,Steel City,284,23,8.098591549295776,0,0,45,15.845070422535212,3,1.056338028169014
3/18/22,KBEQ-FM,KansasCity,Steel City,324,35,10.802469135802468,0,0,53,16.358024691358025,7,2.1604938271604937
3/25/22,KBEQ-FM,KansasCity,Steel City,323,35,10.8359133126935,0,0,53,16.408668730650156,4,1.238390092879257
4/8/22,KBEQ-FM,KansasCity,Steel City,329,42,12.76595744680851,1,0.303951367781155,73,22.188449848024316,15,4.5592705167173255
4/29/22,KBEQ-FM,KansasCity,Steel City,328,36,10.975609756097562,2,0.6097560975609756,65,19.817073170731707,6,1.8292682926829267
5/20/22,KBEQ-FM,KansasCity,Steel City,332,41,12.349397590361445,1,0.30120481927710846,67,20.180722891566266,8,2.4096385542168677
5/27/22,KBEQ-FM,KansasCity,Steel City,334,39,11.676646706586826,2,0.5988023952095809,60,17.964071856287426,4,1.1976047904191618
6/13/22,KBEQ-FM,KansasCity,Steel City,336,36,10.714285714285714,1,0.2976190476190476,62,18.452380952380953,7,2.083333333333333
6/24/22,KBEQ-FM,KansasCity,Steel City,331,28,8.459214501510575,1,0.3021148036253776,51,15.407854984894259,4,1.2084592145015105
7/29/22,KBEQ-FM,KansasCity,Steel City,333,31,9.30930930930931,1,0.3003003003003003,46,13.813813813813812,4,1.2012012012012012
8/26/22,KBEQ-FM,KansasCity,Steel City,325,25,7.6923076923076925,0,0,44,13.538461538461538,6,1.8461538461538463
9/30/22,KBEQ-FM,KansasCity,Steel City,326,43,13.190184049079754,1,0.3067484662576687,67,20.552147239263803,9,2.7607361963190185
10/28/22,KBEQ-FM,KansasCity,Steel City,342,39,11.403508771929824,1,0.29239766081871343,66,19.298245614035086,12,3.508771929824561
11/25/22,KBEQ-FM,KansasCity,Steel City,358,41,11.452513966480447,1,0.27932960893854747,72,20.11173184357542,8,2.2346368715083798
12/30/22,KBEQ-FM,KansasCity,Steel City,345,37,10.72463768115942,1,0.2898550724637681,66,19.130434782608695,11,3.1884057971014492
1/7/22,KFKF-FM,KansasCity,Steel City,336,28,8.333333333333332,1,0.2976190476190476,40,11.904761904761903,3,0.8928571428571428
1/24/22,KFKF-FM,KansasCity,Steel City,329,37,11.246200607902736,1,0.303951367781155,53,16.109422492401215,1,0.303951367781155
1/28/22,KFKF-FM,KansasCity,Steel City,321,36,11.214953271028037,0,0,50,15.57632398753894,4,1.2461059190031152
2/7/22,KFKF-FM,KansasCity,Steel City,317,33,10.410094637223976,0,0,50,15.772870662460567,1,0.31545741324921134
2/25/22,KFKF-FM,KansasCity,Steel City,280,32,11.428571428571429,0,0,53,18.928571428571427,4,1.4285714285714286
3/18/22,KFKF-FM,KansasCity,Steel City,319,27,8.463949843260188,0,0,44,13.793103448275861,1,0.3134796238244514
3/25/22,KFKF-FM,KansasCity,Steel City,317,40,12.618296529968454,1,0.31545741324921134,53,16.7192429022082,4,1.2618296529968454
4/8/22,KFKF-FM,KansasCity,Steel City,318,28,8.80503144654088,1,0.3144654088050315,42,13.20754716981132,2,0.628930817610063
4/29/22,KFKF-FM,KansasCity,Steel City,322,23,7.142857142857142,0,0,34,10.559006211180124,0,0
5/20/22,KFKF-FM,KansasCity,Steel City,328,30,9.146341463414634,1,0.3048780487804878,40,12.195121951219512,3,0.9146341463414633
5/27/22,KFKF-FM,KansasCity,Steel City,325,18,5.538461538461538,0,0,33,10.153846153846153,2,0.6153846153846154
6/13/22,KFKF-FM,KansasCity,Steel City,324,28,8.641975308641975,0,0,38,11.728395061728394,3,0.9259259259259258
6/24/22,KFKF-FM,KansasCity,Steel City,325,25,7.6923076923076925,2,0.6153846153846154,34,10.461538461538462,2,0.6153846153846154
7/29/22,KFKF-FM,KansasCity,Steel City,331,25,7.552870090634441,1,0.3021148036253776,35,10.574018126888216,2,0.6042296072507553
8/26/22,KFKF-FM,KansasCity,Steel City,337,24,7.121661721068249,0,0,38,11.275964391691394,1,0.2967359050445104
9/30/22,KFKF-FM,KansasCity,Steel City,331,31,9.365558912386707,1,0.3021148036253776,47,14.19939577039275,2,0.6042296072507553
10/28/22,KFKF-FM,KansasCity,Steel City,329,28,8.51063829787234,1,0.303951367781155,38,11.55015197568389,3,0.911854103343465
11/25/22,KFKF-FM,KansasCity,Steel City,339,33,9.734513274336283,0,0,51,15.04424778761062,3,0.8849557522123894
12/30/22,KFKF-FM,KansasCity,Steel City,344,34,9.883720930232558,0,0,54,15.69767441860465,0,0
1/7/22,WDAF-FM,KansasCity,Audacy/Entercom,379,40,10.554089709762533,0,0,87,22.95514511873351,15,3.95778364116095
1/24/22,WDAF-FM,KansasCity,Audacy/Entercom,358,30,8.379888268156424,2,0.5586592178770949,76,21.22905027932961,15,4.189944134078212
1/28/22,WDAF-FM,KansasCity,Audacy/Entercom,357,29,8.123249299719888,2,0.5602240896358543,65,18.207282913165265,10,2.801120448179272
2/7/22,WDAF-FM,KansasCity,Audacy/Entercom,355,26,7.323943661971831,1,0.28169014084507044,73,20.56338028169014,13,3.6619718309859155
2/25/22,WDAF-FM,KansasCity,Audacy/Entercom,358,30,8.379888268156424,1,0.27932960893854747,75,20.949720670391063,10,2.793296089385475
3/18/22,WDAF-FM,KansasCity,Audacy/Entercom,348,37,10.632183908045976,6,1.7241379310344827,74,21.26436781609195,13,3.7356321839080464
3/25/22,WDAF-FM,KansasCity,Audacy/Entercom,350,38,10.857142857142858,4,1.1428571428571428,72,20.57142857142857,15,4.285714285714286
4/8/22,WDAF-FM,KansasCity,Audacy/Entercom,357,42,11.76470588235294,2,0.5602240896358543,78,21.84873949579832,12,3.361344537815126
4/29/22,WDAF-FM,KansasCity,Audacy/Entercom,350,44,12.571428571428573,5,1.4285714285714286,89,25.428571428571427,21,6
5/20/22,WDAF-FM,KansasCity,Audacy/Entercom,352,46,13.068181818181818,4,1.1363636363636365,78,22.15909090909091,14,3.977272727272727
5/27/22,WDAF-FM,KansasCity,Audacy/Entercom,353,43,12.181303116147308,4,1.13314447592068,77,21.813031161473088,16,4.53257790368272
6/13/22,WDAF-FM,KansasCity,Audacy/Entercom,353,46,13.031161473087819,4,1.13314447592068,81,22.946175637393768,17,4.815864022662889
6/24/22,WDAF-FM,KansasCity,Audacy/Entercom,353,60,16.997167138810198,7,1.9830028328611897,98,27.762039660056658,21,5.94900849858357
7/29/22,WDAF-FM,KansasCity,Audacy/Entercom,352,50,14.204545454545455,6,1.7045454545454544,83,23.579545454545457,18,5.113636363636364
8/26/22,WDAF-FM,KansasCity,Audacy/Entercom,365,46,12.602739726027398,2,0.547945205479452,72,19.726027397260275,11,3.0136986301369864
9/30/22,WDAF-FM,KansasCity,Audacy/Entercom,352,49,13.920454545454545,5,1.4204545454545454,79,22.443181818181817,13,3.6931818181818183
10/28/22,WDAF-FM,KansasCity,Audacy/Entercom,365,55,15.068493150684931,2,0.547945205479452,87,23.835616438356162,13,3.5616438356164384
11/25/22,WDAF-FM,KansasCity,Audacy/Entercom,367,54,14.713896457765669,3,0.8174386920980926,84,22.888283378746593,5,1.3623978201634876
12/30/22,WDAF-FM,KansasCity,Audacy/Entercom,383,59,15.404699738903393,7,1.8276762402088773,90,23.49869451697128,16,4.177545691906006
1/7/22,KKGO-FM,LosAngeles,Mount Wilson FM,357,34,9.523809523809524,3,0.8403361344537815,75,21.008403361344538,16,4.481792717086835
1/24/22,KKGO-FM,LosAngeles,Mount Wilson FM,334,36,10.778443113772456,4,1.1976047904191618,76,22.75449101796407,15,4.491017964071856
1/28/22,KKGO-FM,LosAngeles,Mount Wilson FM,340,39,11.470588235294118,6,1.7647058823529411,83,24.41176470588235,16,4.705882352941177
2/7/22,KKGO-FM,LosAngeles,Mount Wilson FM,329,35,10.638297872340425,2,0.60790273556231,63,19.148936170212767,8,2.43161094224924
2/25/22,KKGO-FM,LosAngeles,Mount Wilson FM,328,33,10.060975609756099,3,0.9146341463414633,75,22.865853658536587,17,5.182926829268292
3/18/22,KKGO-FM,LosAngeles,Mount Wilson FM,317,37,11.67192429022082,3,0.9463722397476341,75,23.65930599369085,15,4.73186119873817
3/25/22,KKGO-FM,LosAngeles,Mount Wilson FM,326,44,13.496932515337424,2,0.6134969325153374,78,23.92638036809816,17,5.214723926380368
4/8/22,KKGO-FM,LosAngeles,Mount Wilson FM,340,42,12.352941176470589,2,0.5882352941176471,73,21.470588235294116,14,4.117647058823529
4/29/22,KKGO-FM,LosAngeles,Mount Wilson FM,328,46,14.02439024390244,6,1.8292682926829267,80,24.390243902439025,21,6.402439024390244
5/20/22,KKGO-FM,LosAngeles,Mount Wilson FM,333,47,14.114114114114114,7,2.1021021021021022,74,22.22222222222222,15,4.504504504504505
5/27/22,KKGO-FM,LosAngeles,Mount Wilson FM,335,44,13.134328358208954,4,1.1940298507462688,73,21.791044776119403,13,3.880597014925373
6/13/22,KKGO-FM,LosAngeles,Mount Wilson FM,336,48,14.285714285714285,3,0.8928571428571428,77,22.916666666666664,9,2.6785714285714284
6/24/22,KKGO-FM,LosAngeles,Mount Wilson FM,328,47,14.329268292682926,6,1.8292682926829267,79,24.085365853658537,15,4.573170731707317
7/29/22,KKGO-FM,LosAngeles,Mount Wilson FM,331,51,15.407854984894259,5,1.5105740181268883,74,22.356495468277945,14,4.229607250755287
8/26/22,KKGO-FM,LosAngeles,Mount Wilson FM,318,50,15.723270440251572,6,1.8867924528301887,68,21.38364779874214,12,3.7735849056603774
9/30/22,KKGO-FM,LosAngeles,Mount Wilson FM,345,48,13.91304347826087,3,0.8695652173913043,79,22.89855072463768,15,4.3478260869565215
10/28/22,KKGO-FM,LosAngeles,Mount Wilson FM,347,43,12.39193083573487,6,1.729106628242075,74,21.32564841498559,22,6.340057636887608
11/25/22,KKGO-FM,LosAngeles,Mount Wilson FM,337,45,13.353115727002967,7,2.0771513353115725,72,21.364985163204746,14,4.154302670623145
12/30/22,KKGO-FM,LosAngeles,Mount Wilson FM,371,50,13.477088948787062,3,0.8086253369272237,85,22.911051212938006,17,4.5822102425876015
1/7/22,WKDF-FM,Nashville,Cumulus,321,33,10.2803738317757,2,0.6230529595015576,70,21.806853582554517,13,4.049844236760125
1/24/22,WKDF-FM,Nashville,Cumulus,313,42,13.418530351437699,5,1.5974440894568689,84,26.837060702875398,16,5.111821086261981
1/28/22,WKDF-FM,Nashville,Cumulus,306,35,11.437908496732026,1,0.32679738562091504,74,24.18300653594771,13,4.248366013071895
2/7/22,WKDF-FM,Nashville,Cumulus,312,30,9.615384615384617,1,0.3205128205128205,58,18.58974358974359,11,3.5256410256410255
2/25/22,WKDF-FM,Nashville,Cumulus,311,28,9.003215434083602,2,0.6430868167202572,72,23.15112540192926,11,3.536977491961415
3/18/22,WKDF-FM,Nashville,Cumulus,309,34,11.003236245954692,4,1.2944983818770228,68,22.006472491909385,12,3.8834951456310676
3/25/22,WKDF-FM,Nashville,Cumulus,306,35,11.437908496732026,1,0.32679738562091504,65,21.241830065359476,10,3.2679738562091507
4/8/22,WKDF-FM,Nashville,Cumulus,315,30,9.523809523809524,2,0.6349206349206349,70,22.22222222222222,16,5.079365079365079
4/29/22,WKDF-FM,Nashville,Cumulus,311,34,10.932475884244374,3,0.964630225080386,68,21.864951768488748,8,2.572347266881029
5/20/22,WKDF-FM,Nashville,Cumulus,314,33,10.509554140127388,3,0.9554140127388535,73,23.248407643312103,16,5.095541401273886
5/27/22,WKDF-FM,Nashville,Cumulus,308,31,10.064935064935066,1,0.3246753246753247,60,19.480519480519483,8,2.5974025974025974
6/13/22,WKDF-FM,Nashville,Cumulus,312,35,11.217948717948719,1,0.3205128205128205,64,20.51282051282051,10,3.205128205128205
6/24/22,WKDF-FM,Nashville,Cumulus,330,35,10.606060606060606,2,0.6060606060606061,67,20.303030303030305,6,1.8181818181818181
7/29/22,WKDF-FM,Nashville,Cumulus,326,32,9.815950920245399,3,0.9202453987730062,58,17.791411042944784,6,1.8404907975460123
8/26/22,WKDF-FM,Nashville,Cumulus,310,28,9.032258064516128,0,0,66,21.29032258064516,10,3.225806451612903
9/30/22,WKDF-FM,Nashville,Cumulus,311,42,13.504823151125404,4,1.2861736334405145,64,20.578778135048232,11,3.536977491961415
10/28/22,WKDF-FM,Nashville,Cumulus,307,32,10.423452768729643,3,0.9771986970684038,61,19.86970684039088,8,2.6058631921824107
11/25/22,WKDF-FM,Nashville,Cumulus,309,28,9.06148867313916,1,0.3236245954692557,52,16.828478964401295,6,1.9417475728155338
12/30/22,WKDF-FM,Nashville,Cumulus,312,31,9.935897435897436,0,0,63,20.192307692307693,7,2.2435897435897436
1/7/22,WSM-FM,Nashville,Cumulus,353,62,17.56373937677054,2,0.56657223796034,80,22.6628895184136,7,1.9830028328611897
1/24/22,WSM-FM,Nashville,Cumulus,341,59,17.302052785923756,3,0.8797653958944283,77,22.58064516129032,8,2.346041055718475
1/28/22,WSM-FM,Nashville,Cumulus,340,53,15.588235294117647,0,0,69,20.294117647058822,6,1.7647058823529411
2/7/22,WSM-FM,Nashville,Cumulus,345,60,17.391304347826086,2,0.5797101449275363,77,22.318840579710145,3,0.8695652173913043
2/25/22,WSM-FM,Nashville,Cumulus,343,53,15.451895043731778,2,0.5830903790087464,76,22.157434402332363,7,2.0408163265306123
3/18/22,WSM-FM,Nashville,Cumulus,337,49,14.540059347181009,0,0,68,20.178041543026705,4,1.1869436201780417
3/25/22,WSM-FM,Nashville,Cumulus,339,58,17.10914454277286,3,0.8849557522123894,75,22.123893805309734,9,2.6548672566371683
4/8/22,WSM-FM,Nashville,Cumulus,335,51,15.223880597014924,2,0.5970149253731344,69,20.597014925373134,6,1.791044776119403
4/29/22,WSM-FM,Nashville,Cumulus,339,56,16.519174041297934,4,1.1799410029498525,72,21.238938053097346,8,2.359882005899705
5/20/22,WSM-FM,Nashville,Cumulus,343,49,14.285714285714285,0,0,65,18.950437317784257,5,1.4577259475218658
5/27/22,WSM-FM,Nashville,Cumulus,338,54,15.976331360946746,1,0.2958579881656805,74,21.893491124260358,10,2.9585798816568047
6/13/22,WSM-FM,Nashville,Cumulus,335,52,15.522388059701491,1,0.2985074626865672,72,21.492537313432834,5,1.4925373134328357
6/24/22,WSM-FM,Nashville,Cumulus,349,53,15.18624641833811,4,1.146131805157593,67,19.197707736389685,8,2.292263610315186
7/29/22,WSM-FM,Nashville,Cumulus,352,54,15.340909090909092,4,1.1363636363636365,73,20.738636363636363,10,2.840909090909091
8/26/22,WSM-FM,Nashville,Cumulus,347,54,15.561959654178676,2,0.5763688760806917,70,20.172910662824208,4,1.1527377521613833
9/30/22,WSM-FM,Nashville,Cumulus,330,54,16.363636363636363,3,0.9090909090909091,77,23.333333333333332,13,3.939393939393939
10/28/22,WSM-FM,Nashville,Cumulus,329,50,15.19756838905775,2,0.60790273556231,69,20.972644376899694,4,1.21580547112462
11/25/22,WSM-FM,Nashville,Cumulus,365,52,14.246575342465754,3,0.821917808219178,75,20.54794520547945,6,1.643835616438356
12/30/22,WSM-FM,Nashville,Cumulus,376,55,14.627659574468085,2,0.5319148936170213,76,20.212765957446805,7,1.8617021276595744
1/7/22,WXTU-FM,Philadelphia,Beasley,350,42,12,3,0.8571428571428572,80,22.857142857142858,13,3.7142857142857144
1/24/22,WXTU-FM,Philadelphia,Beasley,351,41,11.68091168091168,4,1.1396011396011396,79,22.507122507122507,16,4.5584045584045585
1/28/22,WXTU-FM,Philadelphia,Beasley,349,43,12.320916905444127,2,0.5730659025787965,79,22.636103151862464,14,4.011461318051576
2/7/22,WXTU-FM,Philadelphia,Beasley,331,38,11.48036253776435,4,1.2084592145015105,69,20.84592145015106,17,5.13595166163142
2/25/22,WXTU-FM,Philadelphia,Beasley,342,39,11.403508771929824,6,1.7543859649122806,79,23.099415204678362,17,4.970760233918129
3/18/22,WXTU-FM,Philadelphia,Beasley,317,43,13.564668769716087,2,0.6309148264984227,83,26.18296529968454,13,4.100946372239748
3/25/22,WXTU-FM,Philadelphia,Beasley,328,47,14.329268292682926,5,1.524390243902439,84,25.609756097560975,18,5.487804878048781
4/8/22,WXTU-FM,Philadelphia,Beasley,330,46,13.939393939393941,3,0.9090909090909091,80,24.242424242424242,16,4.848484848484849
4/29/22,WXTU-FM,Philadelphia,Beasley,328,48,14.634146341463413,3,0.9146341463414633,83,25.304878048780488,13,3.9634146341463414
5/20/22,WXTU-FM,Philadelphia,Beasley,332,40,12.048192771084338,1,0.30120481927710846,63,18.97590361445783,5,1.5060240963855422
5/27/22,WXTU-FM,Philadelphia,Beasley,332,38,11.44578313253012,2,0.6024096385542169,65,19.57831325301205,8,2.4096385542168677
6/13/22,WXTU-FM,Philadelphia,Beasley,342,43,12.573099415204677,8,2.3391812865497075,67,19.5906432748538,13,3.8011695906432745
6/24/22,WXTU-FM,Philadelphia,Beasley,339,41,12.094395280235988,4,1.1799410029498525,67,19.76401179941003,11,3.2448377581120944
7/29/22,WXTU-FM,Philadelphia,Beasley,331,43,12.990936555891238,3,0.906344410876133,76,22.9607250755287,19,5.740181268882175
8/26/22,WXTU-FM,Philadelphia,Beasley,340,40,11.76470588235294,2,0.5882352941176471,63,18.529411764705884,8,2.3529411764705883
9/30/22,WXTU-FM,Philadelphia,Beasley,328,29,8.841463414634147,0,0,58,17.682926829268293,5,1.524390243902439
10/28/22,WXTU-FM,Philadelphia,Beasley,332,27,8.132530120481928,1,0.30120481927710846,59,17.771084337349397,5,1.5060240963855422
11/25/22,WXTU-FM,Philadelphia,Beasley,346,30,8.670520231213873,2,0.5780346820809248,67,19.36416184971098,10,2.8901734104046244
12/30/22,WXTU-FM,Philadelphia,Beasley,335,36,10.746268656716417,3,0.8955223880597015,77,22.98507462686567,18,5.3731343283582085
1/7/22,KAJA-FM,SanAntonio,iHeartMedia,324,43,13.271604938271606,5,1.5432098765432098,73,22.530864197530864,12,3.7037037037037033
1/24/22,KAJA-FM,SanAntonio,iHeartMedia,296,21,7.094594594594595,1,0.33783783783783783,56,18.91891891891892,8,2.7027027027027026
1/28/22,KAJA-FM,SanAntonio,iHeartMedia,307,30,9.77198697068404,3,0.9771986970684038,63,20.521172638436482,12,3.908794788273615
2/7/22,KAJA-FM,SanAntonio,iHeartMedia,297,26,8.754208754208754,2,0.6734006734006733,59,19.865319865319865,7,2.356902356902357
2/25/22,KAJA-FM,SanAntonio,iHeartMedia,317,31,9.779179810725552,3,0.9463722397476341,64,20.189274447949526,9,2.8391167192429023
3/18/22,KAJA-FM,SanAntonio,iHeartMedia,310,44,14.193548387096774,0,0,78,25.161290322580644,8,2.5806451612903225
3/25/22,KAJA-FM,SanAntonio,iHeartMedia,306,29,9.477124183006536,0,0,59,19.28104575163399,4,1.3071895424836601
4/8/22,KAJA-FM,SanAntonio,iHeartMedia,302,54,17.880794701986755,7,2.3178807947019866,76,25.165562913907287,14,4.635761589403973
4/29/22,KAJA-FM,SanAntonio,iHeartMedia,299,23,7.6923076923076925,2,0.6688963210702341,55,18.394648829431436,5,1.6722408026755853
5/20/22,KAJA-FM,SanAntonio,iHeartMedia,306,27,8.823529411764707,2,0.6535947712418301,47,15.359477124183007,2,0.6535947712418301
5/27/22,KAJA-FM,SanAntonio,iHeartMedia,317,28,8.832807570977918,1,0.31545741324921134,46,14.511041009463725,1,0.31545741324921134
6/13/22,KAJA-FM,SanAntonio,iHeartMedia,300,21,7.000000000000001,1,0.33333333333333337,40,13.333333333333334,1,0.33333333333333337
6/24/22,KAJA-FM,SanAntonio,iHeartMedia,304,22,7.236842105263158,2,0.6578947368421052,45,14.802631578947366,4,1.3157894736842104
7/29/22,KAJA-FM,SanAntonio,iHeartMedia,300,25,8.333333333333332,0,0,43,14.333333333333334,3,1
8/26/22,KAJA-FM,SanAntonio,iHeartMedia,305,21,6.885245901639345,1,0.32786885245901637,40,13.114754098360656,2,0.6557377049180327
9/30/22,KAJA-FM,SanAntonio,iHeartMedia,288,21,7.291666666666667,2,0.6944444444444444,38,13.194444444444445,5,1.7361111111111112
10/28/22,KAJA-FM,SanAntonio,iHeartMedia,307,14,4.5602605863192185,1,0.32573289902280134,33,10.749185667752444,1,0.32573289902280134
11/25/22,KAJA-FM,SanAntonio,iHeartMedia,311,17,5.466237942122187,0,0,37,11.89710610932476,1,0.3215434083601286
12/30/22,KAJA-FM,SanAntonio,iHeartMedia,317,26,8.201892744479496,4,1.2618296529968454,49,15.457413249211358,5,1.5772870662460567
1/7/22,KCYY-FM,SanAntonio,Cox,363,35,9.641873278236915,3,0.8264462809917356,64,17.63085399449036,10,2.7548209366391188
1/24/22,KCYY-FM,SanAntonio,Cox,341,44,12.903225806451612,5,1.466275659824047,66,19.35483870967742,12,3.519061583577713
1/28/22,KCYY-FM,SanAntonio,Cox,343,37,10.787172011661808,5,1.4577259475218658,64,18.658892128279884,14,4.081632653061225
2/7/22,KCYY-FM,SanAntonio,Cox,334,33,9.880239520958083,2,0.5988023952095809,64,19.16167664670659,9,2.694610778443114
2/25/22,KCYY-FM,SanAntonio,Cox,331,38,11.48036253776435,2,0.6042296072507553,63,19.033232628398792,12,3.625377643504532
3/18/22,KCYY-FM,SanAntonio,Cox,333,40,12.012012012012011,7,2.1021021021021022,60,18.01801801801802,11,3.303303303303303
3/25/22,KCYY-FM,SanAntonio,Cox,335,41,12.238805970149254,2,0.5970149253731344,65,19.402985074626866,12,3.582089552238806
4/8/22,KCYY-FM,SanAntonio,Cox,328,45,13.719512195121952,2,0.6097560975609756,72,21.951219512195124,9,2.7439024390243905
4/29/22,KCYY-FM,SanAntonio,Cox,340,43,12.647058823529411,4,1.1764705882352942,66,19.411764705882355,14,4.117647058823529
5/20/22,KCYY-FM,SanAntonio,Cox,334,43,12.874251497005988,5,1.4970059880239521,65,19.46107784431138,10,2.9940119760479043
5/27/22,KCYY-FM,SanAntonio,Cox,354,40,11.299435028248588,2,0.5649717514124294,66,18.64406779661017,9,2.5423728813559325
6/13/22,KCYY-FM,SanAntonio,Cox,340,42,12.352941176470589,5,1.4705882352941175,65,19.11764705882353,9,2.6470588235294117
6/24/22,KCYY-FM,SanAntonio,Cox,337,32,9.495548961424333,1,0.2967359050445104,49,14.540059347181009,5,1.483679525222552
7/29/22,KCYY-FM,SanAntonio,Cox,353,35,9.91501416430595,3,0.84985835694051,51,14.44759206798867,5,1.41643059490085
8/26/22,KCYY-FM,SanAntonio,Cox,331,31,9.365558912386707,1,0.3021148036253776,49,14.803625377643503,5,1.5105740181268883
9/30/22,KCYY-FM,SanAntonio,Cox,334,41,12.275449101796406,2,0.5988023952095809,68,20.35928143712575,12,3.592814371257485
10/28/22,KCYY-FM,SanAntonio,Cox,345,38,11.014492753623188,5,1.4492753623188406,78,22.608695652173914,18,5.217391304347826
11/25/22,KCYY-FM,SanAntonio,Cox,353,42,11.89801699716714,4,1.13314447592068,67,18.980169971671387,8,2.26628895184136
12/30/22,KCYY-FM,SanAntonio,Cox,345,41,11.884057971014492,4,1.1594202898550725,74,21.44927536231884,16,4.63768115942029
1/7/22,WFUS-FM,Tampa,iHeartMedia,335,40,11.940298507462686,2,0.5970149253731344,69,20.597014925373134,5,1.4925373134328357
1/24/22,WFUS-FM,Tampa,iHeartMedia,317,20,6.309148264984227,0,0,57,17.981072555205046,1,0.31545741324921134
1/28/22,WFUS-FM,Tampa,iHeartMedia,329,27,8.206686930091186,3,0.911854103343465,59,17.933130699088146,7,2.127659574468085
2/7/22,WFUS-FM,Tampa,iHeartMedia,315,17,5.396825396825397,1,0.31746031746031744,50,15.873015873015872,5,1.5873015873015872
2/25/22,WFUS-FM,Tampa,iHeartMedia,332,16,4.819277108433735,0,0,57,17.16867469879518,5,1.5060240963855422
3/18/22,WFUS-FM,Tampa,iHeartMedia,323,35,10.8359133126935,0,0,60,18.575851393188856,2,0.6191950464396285
3/25/22,WFUS-FM,Tampa,iHeartMedia,333,27,8.108108108108109,2,0.6006006006006006,54,16.216216216216218,3,0.9009009009009009
4/8/22,WFUS-FM,Tampa,iHeartMedia,319,46,14.420062695924765,3,0.9404388714733543,66,20.689655172413794,8,2.507836990595611
4/29/22,WFUS-FM,Tampa,iHeartMedia,316,32,10.126582278481013,0,0,59,18.670886075949365,4,1.2658227848101267
5/20/22,WFUS-FM,Tampa,iHeartMedia,314,33,10.509554140127388,1,0.3184713375796179,65,20.70063694267516,10,3.1847133757961785
5/27/22,WFUS-FM,Tampa,iHeartMedia,319,28,8.77742946708464,2,0.6269592476489028,59,18.495297805642632,6,1.8808777429467085
6/13/22,WFUS-FM,Tampa,iHeartMedia,327,27,8.256880733944955,0,0,58,17.737003058103976,2,0.6116207951070336
6/24/22,WFUS-FM,Tampa,iHeartMedia,319,24,7.523510971786834,0,0,44,13.793103448275861,0,0
7/29/22,WFUS-FM,Tampa,iHeartMedia,323,22,6.811145510835913,0,0,39,12.074303405572756,0,0
8/26/22,WFUS-FM,Tampa,iHeartMedia,317,15,4.73186119873817,0,0,38,11.987381703470032,0,0
9/30/22,WFUS-FM,Tampa,iHeartMedia,308,24,7.792207792207792,2,0.6493506493506493,51,16.558441558441558,3,0.974025974025974
10/28/22,WFUS-FM,Tampa,iHeartMedia,325,25,7.6923076923076925,2,0.6153846153846154,47,14.461538461538462,2,0.6153846153846154
11/25/22,WFUS-FM,Tampa,iHeartMedia,332,19,5.72289156626506,0,0,43,12.951807228915662,1,0.30120481927710846
12/30/22,WFUS-FM,Tampa,iHeartMedia,322,28,8.695652173913043,2,0.6211180124223602,54,16.77018633540373,5,1.5527950310559007
1/7/22,WQYK-FM,Tampa,Beasley,340,30,8.823529411764707,0,0,61,17.941176470588236,4,1.1764705882352942
1/24/22,WQYK-FM,Tampa,Beasley,350,32,9.142857142857142,3,0.8571428571428572,62,17.71428571428571,16,4.571428571428571
1/28/22,WQYK-FM,Tampa,Beasley,344,28,8.13953488372093,1,0.29069767441860467,63,18.313953488372093,9,2.616279069767442
2/7/22,WQYK-FM,Tampa,Beasley,332,31,9.33734939759036,5,1.5060240963855422,62,18.67469879518072,11,3.313253012048193
2/25/22,WQYK-FM,Tampa,Beasley,340,39,11.470588235294118,4,1.1764705882352942,64,18.823529411764707,10,2.941176470588235
3/18/22,WQYK-FM,Tampa,Beasley,343,39,11.370262390670554,2,0.5830903790087464,70,20.408163265306122,11,3.206997084548105
3/25/22,WQYK-FM,Tampa,Beasley,336,41,12.202380952380953,2,0.5952380952380952,70,20.833333333333336,13,3.869047619047619
4/8/22,WQYK-FM,Tampa,Beasley,336,38,11.30952380952381,2,0.5952380952380952,65,19.345238095238095,10,2.976190476190476
4/29/22,WQYK-FM,Tampa,Beasley,324,37,11.419753086419753,1,0.30864197530864196,65,20.061728395061728,6,1.8518518518518516
5/20/22,WQYK-FM,Tampa,Beasley,334,35,10.479041916167663,0,0,65,19.46107784431138,8,2.3952095808383236
5/27/22,WQYK-FM,Tampa,Beasley,337,35,10.385756676557865,3,0.8902077151335311,66,19.584569732937684,10,2.967359050445104
6/13/22,WQYK-FM,Tampa,Beasley,345,33,9.565217391304348,3,0.8695652173913043,58,16.81159420289855,13,3.768115942028986
6/24/22,WQYK-FM,Tampa,Beasley,345,34,9.855072463768117,4,1.1594202898550725,50,14.492753623188406,5,1.4492753623188406
7/29/22,WQYK-FM,Tampa,Beasley,353,25,7.0821529745042495,1,0.28328611898017,52,14.730878186968837,7,1.9830028328611897
8/26/22,WQYK-FM,Tampa,Beasley,339,26,7.669616519174041,0,0,43,12.684365781710916,5,1.4749262536873156
9/30/22,WQYK-FM,Tampa,Beasley,336,22,6.547619047619048,0,0,45,13.392857142857142,4,1.1904761904761905
10/28/22,WQYK-FM,Tampa,Beasley,355,24,6.760563380281689,0,0,53,14.929577464788732,5,1.4084507042253522
11/25/22,WQYK-FM,Tampa,Beasley,373,38,10.187667560321715,6,1.6085790884718498,59,15.81769436997319,9,2.4128686327077746
12/30/22,WQYK-FM,Tampa,Beasley,361,33,9.141274238227147,2,0.554016620498615,64,17.72853185595568,8,2.21606648199446
1/7/22,WMZQ-FM,WashingtonDC,iHeartMedia,317,39,12.302839116719243,3,0.9463722397476341,76,23.974763406940063,7,2.2082018927444795
1/24/22,WMZQ-FM,WashingtonDC,iHeartMedia,298,20,6.7114093959731544,0,0,61,20.469798657718123,5,1.6778523489932886
1/28/22,WMZQ-FM,WashingtonDC,iHeartMedia,311,30,9.646302250803858,2,0.6430868167202572,71,22.829581993569132,8,2.572347266881029
2/7/22,WMZQ-FM,WashingtonDC,iHeartMedia,297,21,7.07070707070707,0,0,53,17.845117845117844,4,1.3468013468013467
2/25/22,WMZQ-FM,WashingtonDC,iHeartMedia,310,27,8.709677419354838,0,0,61,19.67741935483871,6,1.935483870967742
3/18/22,WMZQ-FM,WashingtonDC,iHeartMedia,290,40,13.793103448275861,1,0.3448275862068966,74,25.517241379310345,5,1.7241379310344827
3/25/22,WMZQ-FM,WashingtonDC,iHeartMedia,303,36,11.881188118811881,2,0.6600660066006601,65,21.45214521452145,4,1.3201320132013201
4/8/22,WMZQ-FM,WashingtonDC,iHeartMedia,291,50,17.18213058419244,5,1.718213058419244,78,26.804123711340207,12,4.123711340206185
4/29/22,WMZQ-FM,WashingtonDC,iHeartMedia,308,29,9.415584415584416,1,0.3246753246753247,61,19.805194805194805,3,0.974025974025974
5/20/22,WMZQ-FM,WashingtonDC,iHeartMedia,288,22,7.638888888888889,1,0.3472222222222222,40,13.88888888888889,2,0.6944444444444444
5/27/22,WMZQ-FM,WashingtonDC,iHeartMedia,296,23,7.77027027027027,0,0,40,13.513513513513514,1,0.33783783783783783
6/13/22,WMZQ-FM,WashingtonDC,iHeartMedia,286,24,8.391608391608392,0,0,46,16.083916083916083,1,0.34965034965034963
6/24/22,WMZQ-FM,WashingtonDC,iHeartMedia,300,25,8.333333333333332,1,0.33333333333333337,48,16,5,1.6666666666666667
7/29/22,WMZQ-FM,WashingtonDC,iHeartMedia,310,27,8.709677419354838,0,0,46,14.838709677419354,0,0
8/26/22,WMZQ-FM,WashingtonDC,iHeartMedia,298,18,6.0402684563758395,0,0,38,12.751677852348994,1,0.33557046979865773
9/30/22,WMZQ-FM,WashingtonDC,iHeartMedia,289,27,9.342560553633218,2,0.6920415224913495,44,15.22491349480969,3,1.0380622837370241
10/28/22,WMZQ-FM,WashingtonDC,iHeartMedia,302,20,6.622516556291391,1,0.33112582781456956,39,12.91390728476821,1,0.33112582781456956
11/25/22,WMZQ-FM,WashingtonDC,iHeartMedia,304,24,7.894736842105263,0,0,46,15.131578947368421,1,0.3289473684210526
12/30/22,WMZQ-FM,WashingtonDC,iHeartMedia,307,26,8.469055374592834,3,0.9771986970684038,51,16.612377850162865,3,0.9771986970684038